{
    "数组": "focus&&</a>",
    "链接": "href=\"&&\"",
    "图片": "data-src=\"&&\"",
    "标题": "alt=\"&&-夸克",
    "线路标题": "网盘推送+>&&<",
    "播放数组": "下载地址</h2>&&<div",
    "播放列表": "<a&&</a>",
    "播放链接": "href=\"&&\"[替换:http>>push://http]",
    "免嗅": "0",
    "分类url": "https://gjpan.com/{cateId}/page/{catePg}",
    "分类": "夸克资源$%e5%a4%b8%e5%85%8b%e7%bd%91%e7%9b%98#影视合集$%e5%a4%b8%e5%85%8b%e7%bd%91%e7%9b%98/%e5%bd%b1%e8%a7%86%e5%90%88%e9%9b%86"
}