{
    "作者": "摄氏零度",
    "站名": "XBPQ影视",
    "请求头": "User-Agent$MOBILE_UA",
    "编码": "UTF-8",
    "嗅探词": ".mp4#.m3u8#.flv",
    "过滤词": "",
    "主页url": "https://www.hanjukankan.com/",
    "首页": "120",
    "起始页": "1",
    "分类url": "https://www.hanjukankan.com/xvs{cateId}xat{area}xbt{by}xct{class}xdt{lang}xet{letter}xftxgtxht{catePg}atbtct{year}.html;;mrc",
    "分类": "韩国剧集$1#韩国电影$2#韩国综艺$3",
    "数组": "/xvd&&</a>",
    "标题": "title=\"&&\"",
    "图片": "data-original=\"&&\"",
    "副标题": "module-item-note\">&&</",
    "链接": "/xvd+&&\"",
    "线路数组": "module-tab-item&&</div>",
    "线路标题": ">&&</",
    "播放数组": "module-play-list-content&&</div>",
    "影片年代": ".html\">&&</a>",
    "影片地区": "*xbtxctxdtxetxftxgtxhtatbtct.html\">&&</a>",
    "影片类型": "*xdtxetxftxgtxhtatbtct.html\">&&</a><span",
    "状态": "状态：&&</div>",
    "导演": "导演：&&</div>",
    "主演": "主演：&&</div>",
    "简介": "请勿相信影片中的广告👉+<p>&&</p>",
    "倒序": "0",
    "播放列表": "<a&&/a>",
    "播放标题": ">&&</",
    "播放链接": "href=\"&&\"",
    "跳转播放链接": "var player_*\"url\":\"&&\"",
    "跳转解析": "",
    "搜索请求头": "User-Agent@Mozilla/5.0 (Linux；； Android 13；； 22081212C Build/TKQ1.220829.002；； wv) AppleWebKit/537.36",
    "搜索模式": "1",
    "搜索url": "https://www.hanjukankan.com/xvse{wd}abcdefghig{pg}klm.html",
    "搜索后缀": "",
    "搜索二次截取": "",
    "搜索数组": "module-card-item-class&&</a>",
    "搜索标题": "title=\"&&\"",
    "搜索图片": "data-original=\"&&\"",
    "搜索副标题": "module-item-note\">&&</",
    "搜索链接": "href=\"&&\"",
    "筛选": "1",
    "剧情": "喜剧&爱情&恐怖&动作&科幻&剧情&战争&警匪&犯罪&动画&奇幻&武侠&冒险&枪战&恐怖&悬疑&惊悚&经典&青春&文艺&微电影&古装&历史&运动&农村&儿童&网络电影||古装&战争&青春偶像&喜剧&家庭&犯罪&动作&奇幻&剧情&历史&经典&乡村&情景&商战&网剧&其他||空",
    "剧情值": "*"
}