[
    {
        "type_id": "",
        "type_name": "全部"
    },
    {
        "type_id": "39955372461067",
        "type_name": "精彩合集"
    },
    {
        "type_id": "39765285016165",
        "type_name": "电影"
    },
    {
        "type_id": "39765284616164",
        "type_name": "电视剧"
    },
    {
        "type_id": "44732560408431",
        "type_name": "短剧"
    },
    {
        "type_id": "39724839640293",
        "type_name": "综艺"
    },
    {
        "type_id": "39724838540291",
        "type_name": "动漫"
    }
]







